{
  "files": [
    {
      "filepath": "/Users/carl/Development/agents/autoagent/test/performance/benchmarks/example-enhanced.bench.ts",
      "groups": [
        {
          "fullName": "test/performance/benchmarks/example-enhanced.bench.ts > Enhanced Benchmark Example",
          "benchmarks": [
            {
              "id": "-1675747979_0_0",
              "name": "Array operations comparison",
              "rank": 3,
              "rme": 3.619242607653995,
              "samples": [],
              "totalTime": 506.90699799999993,
              "min": 12.23929099999998,
              "max": 20.995667000000026,
              "hz": 74.96444150490896,
              "period": 13.339657842105261,
              "mean": 13.339657842105261,
              "variance": 2.1551243224689665,
              "sd": 1.4680341693805925,
              "sem": 0.2381465892254383,
              "df": 37,
              "critical": 2.0273,
              "moe": 0.48279458033673106,
              "p75": 13.573208000000022,
              "p99": 20.995667000000026,
              "p995": 20.995667000000026,
              "p999": 20.995667000000026,
              "sampleCount": 38,
              "median": 12.968520500000011
            },
            {
              "id": "-1675747979_0_1",
              "name": "Statistical analysis demonstration",
              "rank": 2,
              "rme": 1.372980744669076,
              "samples": [],
              "totalTime": 500.03017300000147,
              "min": 0.4513329999999769,
              "max": 2.026083000000085,
              "hz": 2049.876298164905,
              "period": 0.48783431512195263,
              "mean": 0.48783431512195263,
              "variance": 0.011969756286154497,
              "sd": 0.10940638137766233,
              "sem": 0.0034172812308738126,
              "df": 1024,
              "critical": 1.96,
              "moe": 0.006697871212512673,
              "p75": 0.48012500000004366,
              "p99": 1.11850000000004,
              "p995": 1.416249999999991,
              "p999": 1.486750000000029,
              "sampleCount": 1025,
              "median": 0.46441699999991215
            },
            {
              "id": "-1675747979_0_2",
              "name": "Performance trend analysis",
              "rank": 1,
              "rme": 1.6613888422658472,
              "samples": [],
              "totalTime": 500.1179980000056,
              "min": 0.18524999999999636,
              "max": 1.5658330000001115,
              "hz": 4832.859464497762,
              "period": 0.20691683822921209,
              "mean": 0.20691683822921209,
              "variance": 0.007435304411041629,
              "sd": 0.08622821122487483,
              "sem": 0.001753925134239491,
              "df": 2416,
              "critical": 1.96,
              "moe": 0.0034376932631094022,
              "p75": 0.20162499999992178,
              "p99": 0.3013750000000073,
              "p995": 1.0360000000000582,
              "p999": 1.5260000000000673,
              "sampleCount": 2417,
              "median": 0.19745899999998073
            }
          ]
        }
      ]
    },
    {
      "filepath": "/Users/carl/Development/agents/autoagent/test/performance/benchmarks/core/config.bench.ts",
      "groups": []
    },
    {
      "filepath": "/Users/carl/Development/agents/autoagent/test/performance/benchmarks/core/execution.bench.ts",
      "groups": []
    },
    {
      "filepath": "/Users/carl/Development/agents/autoagent/test/performance/benchmarks/core/parsing.bench.ts",
      "groups": []
    },
    {
      "filepath": "/Users/carl/Development/agents/autoagent/test/performance/benchmarks/providers/provider.bench.ts",
      "groups": []
    },
    {
      "filepath": "/Users/carl/Development/agents/autoagent/test/performance/benchmarks/memory/memory.bench.ts",
      "groups": []
    },
    {
      "filepath": "/Users/carl/Development/agents/autoagent/test/performance/benchmarks/utils/file-operations.bench.ts",
      "groups": []
    }
  ]
}